{"cpp": {"x": [1, 2, 3, 4, 5, 6, 7, 8], "y": [106, 156, 222, 459, 1421, 3117, 6677, 25218], "log": [4.663439094112067, 5.049856007249537, 5.402677381872279, 6.129050210060545, 7.259116128097101, 8.044626279767337, 8.806424063857868, 10.135313304233172]}, "scala": {"x": [1, 2, 3, 4, 5, 6, 7, 8], "y": [229, 434, 1571, 3573, 4946, 23126, 26905, 83789], "log": [5.43372200355424, 6.073044534100405, 7.359467638255621, 8.181160858023409, 8.506334448081361, 10.048712804688908, 10.20006742192352, 11.336057012937713]}, "elixir": {"x": [1, 2, 3, 4, 5, 6, 7, 8], "y": [10, 11, 60, 266, 1237, 6187, 32973, 169973], "log": [2.302585092994046, 2.3978952727983707, 4.0943445622221, 5.583496308781699, 7.1204443723924875, 8.73020559553099, 10.403444323737011, 12.043394879889195]}, "lua": {"x": [1, 2, 3, 4, 5, 6, 7, 8], "y": [37, 66, 211, 827, 1832, 3133, 14139, 63804], "log": [3.6109179126442243, 4.189654742026425, 5.351858133476067, 6.717804695023691, 7.513163545234075, 8.049746290952191, 9.556692215591841, 11.06357116329234]}, "java": {"x": [1, 2, 3, 4, 5, 6, 7, 8], "y": [190, 60, 387, 1138, 2800, 11394, 19166, 40600], "log": [5.247024072160486, 4.0943445622221, 5.958424693029782, 7.037027614686276, 7.937374696163295, 9.34084218004034, 9.860893154903707, 10.611523345589823]}, "rust": {"x": [1, 2, 3, 4, 5, 6, 7, 8], "y": [27, 23, 78, 314, 1473, 2530, 6023, 32103], "log": [3.295836866004329, 3.1354942159291497, 4.356708826689592, 5.749392985908253, 7.29505641646263, 7.835974581721566, 8.70334075304372, 10.37670476269511]}, "javascript": {"x": [1, 2, 3, 4, 5, 6, 7, 8], "y": [91, 21, 54, 963, 1156, 5702, 19186, 83540], "log": [4.51085950651685, 3.044522437723423, 3.9889840465642745, 6.870053411798126, 7.052721049232323, 8.648572269472618, 9.861936125377893, 11.333080838051167]}, "python": {"x": [1, 2, 3, 4, 5, 6, 7, 8], "y": [15, 15, 60, 243, 708, 3535, 17019, 89207], "log": [2.70805020110221, 2.70805020110221, 4.0943445622221, 5.493061443340548, 6.56244409369372, 8.170468578330674, 9.742085645994678, 11.398714790825396]}}