{"cpp": {"x": [1, 2, 3, 4, 5, 6, 7, 8], "y": [106, 156, 222, 459, 1421, 3117, 6677, 25218], "log": [4.663439094112067, 5.049856007249537, 5.402677381872279, 6.129050210060545, 7.259116128097101, 8.044626279767337, 8.806424063857868, 10.135313304233172]}, "scala": {"x": [1, 2, 3, 4, 5, 6, 7, 8], "y": [247, 428, 1432, 3171, 5031, 10104, 29188, 83938], "log": [5.5093883366279774, 6.059123195581797, 7.266827347520591, 8.061802274538348, 8.523374050491318, 9.220686664030326, 10.281512944885511, 11.337833710060957]}, "elixir": {"x": [1, 2, 3, 4, 5, 6, 7, 8], "y": [10, 11, 60, 266, 1237, 6187, 32973, 169973], "log": [2.302585092994046, 2.3978952727983707, 4.0943445622221, 5.583496308781699, 7.1204443723924875, 8.73020559553099, 10.403444323737011, 12.043394879889195]}, "lua": {"x": [1, 2, 3, 4, 5, 6, 7, 8], "y": [37, 66, 211, 827, 1832, 3133, 14139, 63804], "log": [3.6109179126442243, 4.189654742026425, 5.351858133476067, 6.717804695023691, 7.513163545234075, 8.049746290952191, 9.556692215591841, 11.06357116329234]}, "java": {"x": [1, 2, 3, 4, 5, 6, 7, 8], "y": [18, 82, 369, 1135, 2397, 9828, 17621, 39622], "log": [2.8903717578961645, 4.406719247264253, 5.910796644040527, 7.034387929915503, 7.781973234434385, 9.19299073364107, 9.77684665156873, 10.587139798534272]}, "rust": {"x": [1, 2, 3, 4, 5, 6, 7, 8], "y": [27, 23, 78, 314, 1473, 2530, 6023, 32103], "log": [3.295836866004329, 3.1354942159291497, 4.356708826689592, 5.749392985908253, 7.29505641646263, 7.835974581721566, 8.70334075304372, 10.37670476269511]}, "javascript": {"x": [1, 2, 3, 4, 5, 6, 7, 8], "y": [17, 18, 36, 870, 1202, 5777, 19059, 83389], "log": [2.833213344056216, 2.8903717578961645, 3.58351893845611, 6.76849321164863, 7.091742115095153, 8.661639795781266, 9.855294709934643, 11.331271685163584]}, "python": {"x": [1, 2, 3, 4, 5, 6, 7, 8], "y": [15, 15, 60, 243, 708, 3535, 17019, 89207], "log": [2.70805020110221, 2.70805020110221, 4.0943445622221, 5.493061443340548, 6.56244409369372, 8.170468578330674, 9.742085645994678, 11.398714790825396]}}