{"cpp": {"x": [1, 2, 3, 4, 5, 6, 7, 8], "y": [106, 156, 222, 459, 1421, 3117, 6677, 25218], "log": [4.663439094112067, 5.049856007249537, 5.402677381872279, 6.129050210060545, 7.259116128097101, 8.044626279767337, 8.806424063857868, 10.135313304233172]}, "elixir": {"x": [1, 2, 3, 4, 5, 6, 7, 8], "y": [1081, 14, 85, 313, 1851, 8820, 52966, 293660], "log": [6.985641817639208, 2.6390573296152584, 4.442651256490317, 5.746203190540153, 7.523481312573497, 9.084777149000837, 10.877405477245077, 12.590177914516929]}, "cython": {"x": [1, 2, 3, 4, 5, 6, 7, 8], "y": [11, 8, 26, 115, 633, 3201, 16343, 88328], "log": [2.3978952727983707, 2.0794415416798357, 3.258096538021482, 4.74493212836325, 6.450470422144176, 8.071218539969863, 9.701554950093058, 11.388812437118974]}, "rust": {"x": [1, 2, 3, 4, 5, 6, 7, 8], "y": [27, 23, 78, 314, 1473, 2530, 6023, 32103], "log": [3.295836866004329, 3.1354942159291497, 4.356708826689592, 5.749392985908253, 7.29505641646263, 7.835974581721566, 8.70334075304372, 10.37670476269511]}, "python": {"x": [1, 2, 3, 4, 5, 6, 7, 8], "y": [24, 17, 52, 222, 1093, 5116, 19872, 96811], "log": [3.1780538303479458, 2.833213344056216, 3.9512437185814275, 5.402677381872279, 6.996681488176539, 8.540128162698734, 9.897066984733206, 11.480515903172183]}}